Date,CPIAUCSL,FEDFUNDS,INDPRO,UNRATE,DJI_Open,DJI_High,DJI_Low,DJI_Close,DJI_Adj Close,DJI_Volume,GSPC_Open,GSPC_High,GSPC_Low,GSPC_Close,GSPC_Adj Close,GSPC_Volume
4/1/1996,156.1,5.22,76.4562,5.6,5588.600098,5697.689941,5415.529785,5569.080078,5569.080078,756530000,645.5,656.679993,624.140015,654.169983,654.169983,8875580000
5/1/1996,156.4,5.24,77.0161,5.6,5567.600098,5796.100098,5342.200195,5643.180176,5643.180176,801900000,654.169983,681.099976,630.070007,669.119995,669.119995,8921140000
6/1/1996,156.7,5.27,77.6669,5.3,5643.899902,5742.540039,5580.379883,5654.629883,5654.629883,647790000,669.119995,680.320007,658.75,670.630005,670.630005,7930840000
7/1/1996,157,5.4,77.5662,5.5,5654.600098,5733.310059,5182.319824,5528.910156,5528.910156,781850000,670.630005,675.880005,605.880005,639.950012,639.950012,8849860000
8/1/1996,157.2,5.22,78.016,5.1,5528.899902,5739.02002,5524.100098,5616.209961,5616.209961,615820000,639.950012,670.679993,639.48999,651.98999,651.98999,7380320000
9/1/1996,157.7,5.3,78.5532,5.2,5611.799805,5929.890137,5561.459961,5882.169922,5882.169922,649320000,651.98999,690.880005,643.969971,687.330017,687.330017,8064070000
10/1/1996,158.2,5.24,78.5065,5.2,5878.399902,6133.72998,5861.669922,6029.379883,6029.379883,766260000,687.309998,714.099976,684.440002,705.27002,705.27002,9703670000
11/1/1996,158.7,5.31,79.1996,5.4,6027.100098,6589.529785,5998.819824,6521.700195,6521.700195,741560000,705.27002,762.119995,701.299988,757.02002,757.02002,8763850000
12/1/1996,159.1,5.29,79.7143,5.4,6520.600098,6587.049805,6236.049805,6448.27002,6448.27002,781180000,757.02002,761.75,716.690002,740.73999,740.73999,9089170000
1/1/1997,159.4,5.25,79.8273,5.3,6447.5,6906.600098,6352.830078,6813.089844,6813.089844,1003920000,740.73999,794.669983,729.549988,786.159973,786.159973,11635830000
2/1/1997,159.7,5.19,80.793,5.2,6810.799805,7073.620117,6710.720215,6877.740234,6877.740234,765900000,786.159973,817.679993,773.429993,790.820007,790.820007,9715930000
3/1/1997,159.8,5.39,81.334,5.2,6874.299805,7112.100098,6561.200195,6583.47998,6583.47998,962230000,790.820007,814.900024,756.130005,757.119995,757.119995,10120760000
4/1/1997,159.9,5.51,81.3531,5.1,6583.5,7057.549805,6356.779785,7009,7009,1098930000,757.119995,804.130005,733.539978,801.340027,801.340027,10454880000
5/1/1997,159.9,5.5,81.8293,4.9,7008.990234,7394.950195,6913.470215,7331,7331,1046600000,801.340027,851.869995,793.210022,848.280029,848.280029,10106650000
6/1/1997,160.2,5.56,82.2285,5,7331,7834.060059,7253.779785,7672.799805,7672.799805,1086740000,848.280029,902.090027,838.820007,885.140015,885.140015,10857950000
7/1/1997,160.4,5.52,82.8557,4.9,7678,8282.769531,7667.359863,8222.599609,8222.599609,1265280000,885.140015,957.72998,884.539978,954.309998,954.309998,11958120000
8/1/1997,160.8,5.54,83.7214,4.8,8222.799805,8299.490234,7606.859863,7622.399902,7622.399902,1123190000,954.289978,964.169983,893.340027,899.469971,899.469971,10606100000
9/1/1997,161.2,5.54,84.4651,4.9,7631.700195,8035.629883,7580.850098,7945.299805,7945.299805,1212550000,899.469971,960.590027,899.469971,947.280029,947.280029,11383000000
10/1/1997,161.5,5.5,85.1918,4.7,7948.5,8184.700195,6971.069824,7442.100098,7442.100098,1605030000,947.280029,983.119995,855.27002,914.619995,914.619995,14017260000
11/1/1997,161.7,5.52,85.9397,4.6,7445.799805,7881.069824,7349.990234,7823.100098,7823.100098,1068290000,914.619995,964.549988,900.609985,955.400024,955.400024,10173620000
12/1/1997,161.8,5.5,86.2047,4.7,7825.120117,8166.290039,7576.930176,7908.299805,7908.299805,1156060000,955.400024,986.25,924.919983,970.429993,970.429993,11958880000
1/1/1998,162,5.56,86.6474,4.6,7910.200195,8035.540039,7443.410156,7906.5,7906.5,1324260000,970.429993,992.650024,912.830017,980.280029,980.280029,12733830000
2/1/1998,162,5.51,86.7612,4.6,7909.990234,8566.889648,7909.990234,8545.719727,8545.719727,1031480000,980.280029,1051.660034,980.280029,1049.339966,1049.339966,11656550000
3/1/1998,162,5.49,86.8198,4.7,8544.469727,8959.240234,8405.719727,8799.80957,8799.80957,1191880000,1049.339966,1113.069946,1030.869995,1101.75,1101.75,13719590000
4/1/1998,162.2,5.45,87.1411,4.3,8801.55957,9213.330078,8748.740234,9063.370117,9063.370117,1387960000,1101.75,1132.97998,1076.699951,1111.75,1111.75,13656060000
5/1/1998,162.6,5.49,87.6952,4.4,9066.610352,9261.910156,8788.099609,8899.950195,8899.950195,1075240000,1111.75,1130.52002,1074.390015,1090.819946,1090.819946,11477140000
6/1/1998,162.8,5.56,87.145,4.5,8900.950195,9104.719727,8569.879883,8952.019531,8952.019531,1287570000,1090.819946,1145.150024,1074.670044,1133.839966,1133.839966,13551970000
7/1/1998,163.2,5.54,86.8423,4.5,8958.990234,9367.839844,8816.089844,8883.290039,8883.290039,1413670000,1133.839966,1190.579956,1114.300049,1120.670044,1120.670044,14194800000
8/1/1998,163.4,5.55,88.6247,4.5,8883.290039,8886.120117,7539.069824,7539.069824,7539.069824,1641660000,1120.670044,1121.790039,957.280029,957.280029,957.280029,15071550000
9/1/1998,163.5,5.51,88.4515,4.6,7545.759766,8182.470215,7400.299805,7842.620117,7842.620117,1897140000,957.280029,1066.109985,939.97998,1017.01001,1017.01001,16714080000
10/1/1998,163.9,5.07,89.1677,4.5,7841.330078,8659.80957,7467.490234,8592.099609,8592.099609,1916330000,1017.01001,1103.780029,923.320007,1098.670044,1098.670044,18001650000
11/1/1998,164.1,4.83,89.1098,4.4,8595.700195,9380.200195,8595.700195,9116.549805,9116.549805,1389030000,1098.670044,1192.969971,1098.670044,1163.630005,1163.630005,13451280000
12/1/1998,164.4,4.68,89.4407,4.4,9116.549805,9334.879883,8676.030273,9181.429688,9181.429688,1507520000,1163.630005,1244.930054,1136.890015,1229.22998,1229.22998,15181450000
1/1/1999,164.7,4.63,89.8594,4.3,9184.009766,9647.959961,9063.259766,9358.830078,9358.830078,1746490000,1229.22998,1280.369995,1205.459961,1279.640015,1279.640015,16213500000
2/1/1999,164.7,4.76,90.3386,4.4,9359.599609,9611.330078,9099.040039,9306.580078,9306.580078,1545220000,1279.640015,1283.839966,1211.890015,1238.329956,1238.329956,14555860000
3/1/1999,164.8,4.81,90.4819,4.2,9307.389648,10085.30957,9211.230469,9786.160156,9786.160156,1993040000,1238.329956,1323.819946,1216.030029,1286.369995,1286.369995,18002500000
4/1/1999,165.9,4.74,90.7274,4.3,9786.44043,10961.70996,9765.629883,10789.04004,10789.04004,2096500000,1286.369995,1371.560059,1282.560059,1335.180054,1335.180054,18523200000
5/1/1999,166,4.74,91.352,4.2,10789.04004,11130.66992,10434.25977,10559.74023,10559.74023,1842620000,1335.180054,1375.97998,1277.310059,1301.839966,1301.839966,15880260000
6/1/1999,166,4.76,91.1994,4.3,10561.00977,11003.41016,10409.13965,10970.79981,10970.79981,1766990000,1301.839966,1372.930054,1277.469971,1372.709961,1372.709961,16079170000
7/1/1999,166.7,4.99,91.7766,4.3,10966.04981,11252.26953,10647.86035,10655.15039,10655.15039,1672190000,1372.709961,1420.329956,1328.48999,1328.719971,1328.719971,15332930000
8/1/1999,167.1,5.07,92.1629,4.2,10654.83008,11365.92969,10549.08008,10829.28027,10829.28027,1857760000,1328.719971,1382.839966,1267.72998,1320.410034,1320.410034,15818550000
9/1/1999,167.8,5.22,91.774,4.2,10828.44043,11142.41016,10081.12988,10336.9502,10336.9502,1751910000,1320.410034,1361.390015,1256.26001,1282.709961,1282.709961,16438700000
10/1/1999,168.1,5.2,92.9979,4.1,10335.69043,10790.01953,9976.019531,10729.86035,10729.86035,2203030000,1282.709961,1373.170044,1233.699951,1362.930054,1362.930054,18832000000
11/1/1999,168.4,5.42,93.4371,4.1,10730.78027,11112.76953,10536.26953,10877.80957,10877.80957,3250890000,1362.930054,1425.310059,1346.410034,1388.910034,1388.910034,18384820000
12/1/1999,168.8,5.3,94.1593,4,10876.46973,11568.76953,10859.65039,11497.12012,11497.12012,3166150000,1388.910034,1473.099976,1387.380005,1469.25,1469.25,19640690000
1/1/2000,169.3,5.45,94.1758,4,11501.84961,11750.28027,10701.63965,10940.53027,10940.53027,3854530000,1469.25,1478,1350.140015,1394.459961,1394.459961,21494400000
2/1/2000,170,5.73,94.4557,4.1,10937.74023,11118.92969,9836.05957,10128.30957,10128.30957,3661120000,1394.459961,1444.550049,1325.069946,1366.420044,1366.420044,20912000000
3/1/2000,171,5.85,94.798,4,10128.11035,11234.65039,9731.80957,10921.91992,10921.91992,4754630000,1366.420044,1552.869995,1346.619995,1498.579956,1498.579956,26156200000
4/1/2000,170.9,6.02,95.4808,3.8,10863.28027,11425.4502,10201.53027,10733.91016,10733.91016,4049750000,1498.579956,1527.189941,1339.400024,1452.430054,1452.430054,20106460000
5/1/2000,171.2,6.27,95.6435,4,10749.41992,10971.24023,10258.80957,10522.33008,10522.33008,3816980000,1452.430054,1481.51001,1361.089966,1420.599976,1420.599976,19898300000
6/1/2000,172.2,6.53,95.7353,4,10532.26953,10863,10335.45996,10447.88965,10447.88965,3823590000,1420.599976,1488.930054,1420.599976,1454.599976,1454.599976,21738300000
7/1/2000,172.7,6.54,95.5906,4,10450.36035,10874.62988,10393.08984,10521.98047,10521.98047,3248880000,1454.599976,1517.319946,1413.890015,1430.829956,1430.829956,19089100000
8/1/2000,172.7,6.5,95.3112,4.1,10523.80957,11319.05957,10516.75977,11215.09961,11215.09961,3620730000,1430.829956,1525.209961,1425.430054,1517.680054,1517.680054,20363700000
9/1/2000,173.6,6.52,95.679,3.9,11219.54004,11401.19043,10567.32031,10650.91992,10650.91992,4639930000,1517.680054,1530.089966,1419.439941,1436.51001,1436.51001,20838300000
10/1/2000,173.9,6.51,95.397,3.9,10659.05957,10995.41016,9654.639648,10971.13965,10971.13965,6254820000,1436.52002,1454.819946,1305.790039,1429.400024,1429.400024,25951400000
11/1/2000,174.2,6.51,95.4229,3.9,10966.20996,11006.5,10292.38965,10414.49023,10414.49023,4680310000,1429.400024,1438.459961,1294.900024,1314.949951,1314.949951,20532300000
12/1/2000,174.6,6.4,95.1573,3.9,10416.75977,10917.67969,10299.20996,10787.99023,10787.99023,5202580000,1314.949951,1389.050049,1254.069946,1320.280029,1320.280029,23610800000
1/1/2001,175.6,5.98,94.5448,4.2,10790.91992,11028,10468.04004,10887.36035,10887.36035,5825960000,1320.280029,1383.369995,1274.619995,1366.01001,1366.01001,27829800000
2/1/2001,176,5.49,93.9398,4.2,10884.82031,11035.13965,10294.00977,10495.28027,10495.28027,4164820000,1366.01001,1376.380005,1215.439941,1239.939941,1239.939941,21644400000
3/1/2001,176.1,5.31,93.7201,4.3,10493.25,10859.5,9106.540039,9878.780273,9878.780273,6086470000,1239.939941,1267.420044,1081.189941,1160.329956,1160.329956,27806610000
4/1/2001,176.4,4.8,93.4469,4.4,9877.160156,10906.41016,9375.719727,10734.96973,10734.96973,5241100000,1160.329956,1269.300049,1091.98999,1249.459961,1249.459961,25409990000
5/1/2001,177.3,4.21,92.876,4.3,10734.04981,11350.04981,10673.21973,10911.94043,10911.94043,4518100000,1249.459961,1315.930054,1232,1255.819946,1255.819946,24525900000
6/1/2001,177.7,3.97,92.3208,4.5,10913.57031,11196.53027,10394.71973,10502.40039,10502.40039,4914500000,1255.819946,1286.619995,1203.030029,1224.380005,1224.380005,24748030000
7/1/2001,177.4,3.77,91.7933,4.6,10504.9502,10679.12012,10120.88965,10522.80957,10522.80957,4605880000,1224.420044,1239.780029,1165.540039,1211.22998,1211.22998,23793710000
8/1/2001,177.4,3.65,91.6795,4.9,10527.37988,10609.65039,9869.139648,9949.75,9949.75,4083400000,1211.22998,1226.27002,1124.869995,1133.579956,1133.579956,23359200000
9/1/2001,178.1,3.07,91.3289,5,9946.980469,10182.37988,8062.339844,8847.55957,8847.55957,5555020000,1133.579956,1155.400024,944.75,1040.939941,1040.939941,25025290000
10/1/2001,177.6,2.49,90.9315,5.3,8845.969727,9598.169922,8732.139648,9075.139648,9075.139648,5722030000,1040.939941,1110.609985,1026.76001,1059.780029,1059.780029,29951280000
11/1/2001,177.5,2.09,90.486,5.5,9087.450195,9992.790039,9014.459961,9851.55957,9851.55957,4722560000,1059.780029,1163.380005,1054.310059,1139.449951,1139.449951,26330000000
12/1/2001,177.4,1.82,90.5073,5.7,9848.929688,10184.4502,9703.900391,10021.57031,10021.57031,4302710000,1139.449951,1173.619995,1114.530029,1148.079956,1148.079956,25128570000
1/1/2002,177.7,1.73,91.0794,5.7,10021.70996,10300.15039,9529.459961,9920,9920,4955760000,1148.079956,1176.969971,1081.660034,1130.199951,1130.199951,29746200000
2/1/2002,178,1.74,91.0553,5.7,9923.040039,10255.24023,9580.320313,10106.12988,10106.12988,4651890000,1130.199951,1130.199951,1074.359985,1106.72998,1106.72998,26047600000
3/1/2002,178.5,1.73,91.798,5.7,10111.04004,10673.09961,10111.04004,10403.94043,10403.94043,4589750000,1106.72998,1173.939941,1106.72998,1147.390015,1147.390015,26563200000
4/1/2002,179.3,1.75,92.1771,5.9,10402.07031,10402.07031,9811.570313,9946.219727,9946.219727,5111860000,1147.390015,1147.839966,1063.459961,1076.920044,1076.920044,28568900000
5/1/2002,179.5,1.75,92.5668,5.8,9944.900391,10353.42969,9802.230469,9925.25,9925.25,4800810000,1076.920044,1106.589966,1048.959961,1067.140015,1067.140015,26905500000
6/1/2002,179.6,1.75,93.4476,5.8,9923.94043,9986.490234,8926.570313,9243.259766,9243.259766,5783720000,1067.140015,1070.73999,952.919983,989.820007,989.820007,29981510000
7/1/2002,180,1.73,93.2237,5.8,9239.25,9410.379883,7532.660156,8736.589844,8736.589844,7714600000,989.820007,994.460022,775.679993,911.619995,911.619995,42228720000
8/1/2002,180.5,1.74,93.2359,5.7,8732.580078,9077.009766,8030.819824,8663.5,8663.5,5591350000,911.619995,965,833.440002,916.070007,916.070007,29298400000
9/1/2002,180.8,1.75,93.3654,5.7,8659.269531,8726.900391,7460.779785,7591.930176,7591.930176,5601800000,916.070007,924.02002,800.200012,815.280029,815.280029,27723710000
10/1/2002,181.2,1.75,93.0834,5.7,7593.040039,8558.629883,7197.490234,8397.030273,8397.030273,7498850000,815.280029,907.440002,768.630005,885.76001,885.76001,37856310000
11/1/2002,181.5,1.34,93.5693,5.9,8395.639648,8950.330078,8298.679688,8896.089844,8896.089844,5410370000,885.76001,941.820007,872.049988,936.309998,936.309998,29200960000
12/1/2002,181.8,1.24,93.1103,6,8902.950195,9043.370117,8242.910156,8341.629883,8341.629883,4607200000,936.309998,954.280029,869.450012,879.820007,879.820007,25993640000
1/1/2003,182.6,1.24,93.8198,5.8,8342.379883,8869.290039,7917.160156,8053.810059,8053.810059,5426600000,879.820007,935.049988,840.340027,855.700012,855.700012,30749580000
2/1/2003,183.6,1.26,93.9532,5.9,8053.740234,8152.529785,7628.990234,7891.080078,7891.080078,4418320000,855.700012,864.640015,806.289978,841.150024,841.150024,25235300000
3/1/2003,183.9,1.25,93.7358,5.9,7890.240234,8522.179688,7416.640137,7992.129883,7992.129883,5616290000,841.150024,895.900024,788.900024,848.179993,848.179993,30080030000
4/1/2003,183.2,1.26,93.0657,6,7992.830078,8559.769531,7979.689941,8480.089844,8480.089844,5128590000,848.179993,924.23999,847.849976,916.919983,916.919983,29669610000
5/1/2003,182.9,1.26,93.0918,6.1,8478.480469,8868.330078,8340.230469,8850.259766,8850.259766,4686280000,916.919983,965.380005,902.830017,963.590027,963.590027,30952100000
6/1/2003,183.1,1.22,93.2476,6.3,8851.450195,9352.769531,8851.450195,8985.44043,8985.44043,4987850000,963.590027,1015.330017,963.590027,974.5,974.5,31219400000
7/1/2003,183.7,1.01,93.6582,6.2,8983.660156,9361.400391,8871.200195,9233.799805,9233.799805,4911390000,974.5,1015.409973,962.099976,990.309998,990.309998,31553200000
8/1/2003,184.5,1.03,93.5246,6.1,9232.679688,9499.969727,8997.110352,9415.820313,9415.820313,3853760000,990.309998,1011.01001,960.840027,1008.01001,1008.01001,24881470000
9/1/2003,185.1,1.01,94.0751,6.1,9416.669922,9686.080078,9230.469727,9275.05957,9275.05957,4385460000,1008.01001,1040.290039,990.359985,995.969971,995.969971,29940110000
10/1/2003,184.9,1.01,94.2079,6,9276.799805,9850.009766,9276.799805,9801.120117,9801.120117,4840970000,995.969971,1053.790039,995.969971,1050.709961,1050.709961,32298500000
11/1/2003,185,1,94.9338,5.8,9802.459961,9903.570313,9585.5,9782.459961,9782.459961,3548520000,1050.709961,1063.650024,1031.199951,1058.199951,1058.199951,24463220000
12/1/2003,185.5,0.98,94.8662,5.7,9785.349609,10462.44043,9785.349609,10453.91992,10453.91992,4246080000,1058.199951,1112.560059,1053.410034,1111.920044,1111.920044,27839130000
1/1/2004,186.3,1,95.1085,5.7,10452.74023,10705.17969,10367.41016,10488.07031,10488.07031,4380510000,1111.920044,1155.380005,1105.079956,1131.130005,1131.130005,32820000000
2/1/2004,186.7,1.01,95.6847,5.6,10487.78027,10753.62988,10434.66992,10583.91992,10583.91992,3894640000,1131.130005,1158.97998,1124.439941,1144.939941,1144.939941,27985600000
3/1/2004,187.1,1,95.2088,5.8,10582.25,10695.54981,10007.49023,10357.7002,10357.7002,5009640000,1144.939941,1163.22998,1087.160034,1126.209961,1126.209961,33597900000
4/1/2004,187.4,1,95.6385,5.6,10357.51953,10570.80957,10219.17969,10225.57031,10225.57031,4530000000,1126.209961,1150.569946,1107.22998,1107.300049,1107.300049,31611900000
5/1/2004,188.2,1,96.3966,5.6,10227.26953,10386.32031,9852.19043,10188.4502,10188.4502,4016800000,1107.300049,1127.73999,1076.319946,1120.680054,1120.680054,29326400000
6/1/2004,188.9,1.03,95.6019,5.6,10187.17969,10498.66992,10134.86035,10435.48047,10435.48047,4111110000,1120.680054,1146.339966,1113.319946,1140.839966,1140.839966,27529500000
7/1/2004,189.1,1.26,96.3385,5.5,10434,10448.08984,9913.919922,10139.70996,10139.70996,4452180000,1140.839966,1140.839966,1078.780029,1101.719971,1101.719971,29285600000
8/1/2004,189.2,1.43,96.4095,5.4,10138.4502,10211.25,9783.910156,10173.91992,10173.91992,3756550000,1101.719971,1109.680054,1060.719971,1104.23999,1104.23999,26586800000
9/1/2004,189.8,1.61,96.4907,5.4,10170.12012,10363.36035,9977.919922,10080.26953,10080.26953,4638370000,1104.23999,1131.540039,1099.180054,1114.579956,1114.579956,26829870000
10/1/2004,190.8,1.76,97.4094,5.5,10082.04004,10270.37012,9708.400391,10027.46973,10027.46973,5292920000,1114.579956,1142.050049,1090.290039,1130.199951,1130.199951,31511000000
11/1/2004,191.7,1.93,97.6137,5.4,10028.73047,10602.84961,10010.15039,10428.01953,10428.01953,5666600000,1130.199951,1188.459961,1127.599976,1173.819946,1173.819946,30460280000
12/1/2004,191.7,2.16,98.3318,5.4,10425.79981,10868.07031,10418.62988,10783.00977,10783.00977,5744730000,1173.780029,1217.329956,1173.780029,1211.920044,1211.920044,31102500000
1/1/2005,191.6,2.28,98.7845,5.3,10783.75,10867.38965,10368.61035,10489.94043,10489.94043,5424930000,1211.920044,1217.800049,1163.75,1181.27002,1181.27002,31498800000
2/1/2005,192.4,2.5,99.4639,5.4,10489.71973,10853.42969,10489.63965,10766.23047,10766.23047,5038600000,1181.27002,1212.439941,1180.949951,1203.599976,1203.599976,29297410000
3/1/2005,193.1,2.63,99.3061,5.2,10769.04004,10984.45996,10396.24023,10503.75977,10503.75977,5820160000,1203.599976,1229.109985,1163.689941,1180.589966,1180.589966,39014150000
4/1/2005,193.7,2.79,99.4734,5.2,10504.57031,10568.92969,10000.45996,10192.50977,10192.50977,5852240000,1180.589966,1191.880005,1136.150024,1156.849976,1156.849976,43424270000
5/1/2005,193.6,3,99.6033,5.1,10192,10560.80957,10075.54981,10467.48047,10467.48047,4843000000,1156.849976,1199.560059,1146.180054,1191.5,1191.5,39321990000
6/1/2005,193.7,3.04,99.9853,5,10462.86035,10656.29004,10253.49023,10274.96973,10274.96973,5026730000,1191.5,1219.589966,1188.300049,1191.329956,1191.329956,40334040000
7/1/2005,194.9,3.26,99.6692,5,10273.58984,10717.73047,10175.40039,10640.91016,10640.91016,4821200000,1191.329956,1245.150024,1183.550049,1234.180054,1234.180054,37464670000
8/1/2005,196.1,3.5,99.9435,4.9,10641.78027,10719.41016,10349.37012,10481.59961,10481.59961,5082400000,1234.180054,1245.859985,1201.069946,1220.329956,1220.329956,42030090000
9/1/2005,198.8,3.62,98.0779,5,10481.44043,10701.80957,10350.95996,10568.7002,10568.7002,5229310000,1220.329956,1243.130005,1205.349976,1228.810059,1228.810059,44777510000
10/1/2005,199.1,3.78,99.3149,5,10569.5,10608.55957,10156.45996,10440.07031,10440.07031,5829060000,1228.810059,1233.339966,1168.199951,1207.01001,1207.01001,49793790000
11/1/2005,198.1,4,100.3216,5,10440.07031,10959.79004,10388.75977,10805.87012,10805.87012,5385780000,1207.01001,1270.640015,1201.069946,1249.47998,1249.47998,45102870000
12/1/2005,198.1,4.16,100.9437,4.9,10806.03027,10940.33984,10709.41992,10717.5,10717.5,5223910000,1249.47998,1275.800049,1246.589966,1248.290039,1248.290039,41756130000
1/1/2006,199.3,4.29,101.0627,4.7,10718.29981,11047.75977,10661.15039,10864.86035,10864.86035,6552210000,1248.290039,1294.900024,1245.73999,1280.079956,1280.079956,49211650000
2/1/2006,199.4,4.49,101.0669,4.8,10862.13965,11159.17969,10737.66992,10993.41016,10993.41016,5759090000,1280.079956,1297.569946,1253.609985,1280.660034,1280.660034,42859940000
3/1/2006,199.7,4.59,101.2751,4.7,10993.25,11334.95996,10922.73047,11109.32031,11109.32031,6680180000,1280.660034,1310.880005,1268.420044,1294.869995,1294.869995,50905040000
4/1/2006,200.7,4.79,101.6813,4.7,11113,11417.66016,11039.12012,11367.13965,11367.13965,5584020000,1302.880005,1318.160034,1280.73999,1310.609985,1310.609985,43308430000
5/1/2006,201.3,4.94,101.579,4.6,11367.78027,11670.19043,11030.46973,11168.30957,11168.30957,7360590000,1310.609985,1326.699951,1245.339966,1270.089966,1270.089966,54312830000
6/1/2006,201.8,4.99,101.9693,4.6,11169.03027,11285.82031,10698.84961,11150.21973,11150.21973,6959660000,1270.050049,1290.680054,1219.290039,1270.199951,1270.199951,54873260000
7/1/2006,202.9,5.24,101.9319,4.7,11149.33984,11257.08008,10683.32031,11185.67969,11185.67969,5548680000,1270.060059,1280.420044,1224.540039,1276.660034,1276.660034,46348220000
8/1/2006,203.8,5.25,102.3327,4.7,11184.79981,11407.08008,11042.63965,11381.15039,11381.15039,4668650000,1278.530029,1306.73999,1261.300049,1303.819946,1303.819946,50485620000
9/1/2006,202.8,5.25,102.1252,4.5,11382.75,11741.99023,11323.83984,11679.07031,11679.07031,4494890000,1303.800049,1340.280029,1290.930054,1335.849976,1335.849976,49001440000
10/1/2006,201.9,5.25,102.0668,4.4,11678.99023,12167.01953,11653.05957,12080.73047,12080.73047,5665820000,1335.819946,1389.449951,1327.099976,1377.939941,1377.939941,56793620000
11/1/2006,202,5.25,101.9688,4.5,12080.25,12361,11965.30957,12221.92969,12221.92969,4722850000,1377.76001,1407.890015,1360.97998,1400.630005,1400.630005,55343930000
12/1/2006,203.1,5.24,103.0292,4.4,12220.96973,12529.87988,12089.98047,12463.15039,12463.15039,4381310000,1400.630005,1431.810059,1385.930054,1418.300049,1418.300049,47578780000
1/1/2007,203.437,5.25,102.4933,4.6,12459.54004,12657.01953,12337.37012,12621.69043,12621.69043,5075440000,1418.030029,1441.609985,1403.969971,1438.23999,1438.23999,56686200000
2/1/2007,204.226,5.26,103.5264,4.5,12617.2002,12795.92969,12086.05957,12268.62988,12268.62988,4347420000,1437.900024,1461.569946,1389.420044,1406.819946,1406.819946,51844990000
3/1/2007,205.288,5.26,103.7521,4.4,12268.62988,12511.04981,11939.61035,12354.34961,12354.34961,5633180000,1406.800049,1438.890015,1363.97998,1420.859985,1420.859985,67622250000
4/1/2007,205.904,5.25,104.4814,4.5,12354.51953,13162.05957,12324.28027,13062.91016,13062.91016,4819810000,1420.829956,1498.02002,1416.369995,1482.369995,1482.369995,57032470000
5/1/2007,206.755,5.25,104.5322,4.4,13062.75,13673.07031,13041.29981,13627.63965,13627.63965,5039850000,1482.369995,1535.560059,1476.699951,1530.619995,1530.619995,64958050000
6/1/2007,207.234,5.25,104.5617,4.6,13628.69043,13692,13251.53027,13408.62012,13408.62012,5227620000,1530.619995,1540.560059,1484.180054,1503.349976,1503.349976,65322800000
7/1/2007,207.603,5.26,104.5227,4.7,13409.59961,14021.9502,13199.79004,13211.99023,13211.99023,5512040000,1504.660034,1555.900024,1454.25,1455.27002,1455.27002,70337430000
8/1/2007,207.667,5.02,104.7556,4.6,13211.08984,13695.82031,12517.94043,13357.74023,13357.74023,6199120000,1455.180054,1503.890015,1370.599976,1473.98999,1473.98999,91381760000
9/1/2007,208.547,4.94,105.1611,4.7,13358.38965,13924.80957,13021.92969,13895.62988,13895.62988,4328370000,1473.959961,1538.73999,1439.290039,1526.75,1526.75,57809700000
10/1/2007,209.19,4.76,104.7171,4.7,13895.70996,14198.09961,13407.49023,13930.00977,13930.00977,5010920000,1527.290039,1576.089966,1489.560059,1549.380005,1549.380005,76022580000
11/1/2007,210.834,4.49,105.3338,4.7,13924.16016,13924.16016,12724.08984,13371.71973,13371.71973,5980230000,1545.790039,1545.790039,1406.099976,1481.140015,1481.140015,86246950000
12/1/2007,211.445,4.24,105.3457,5,13368.21973,13780.11035,13092,13264.82031,13264.82031,4310320000,1479.630005,1523.569946,1435.650024,1468.359985,1468.359985,64821670000
1/1/2008,212.174,3.94,105.0619,5,13261.82031,13279.54004,11634.82031,12650.36035,12650.36035,7459830000,1467.969971,1471.77002,1270.050049,1378.550049,1378.550049,98475340000
2/1/2008,212.687,2.98,104.7094,4.9,12638.16992,12767.74023,12069.46973,12266.38965,12266.38965,5720360000,1378.599976,1396.02002,1316.75,1330.630005,1330.630005,78536130000
3/1/2008,213.448,2.61,104.4616,5.1,12264.36035,12622.07031,11731.59961,12262.88965,12262.88965,6229020000,1330.449951,1359.680054,1256.97998,1322.699951,1322.699951,93189170000
4/1/2008,213.942,2.28,103.6704,5,12266.63965,13010,12266.46973,12820.12988,12820.12988,5050840000,1326.410034,1404.569946,1324.349976,1385.589966,1385.589966,85978630000
5/1/2008,215.208,1.98,103.0863,5.4,12818.33984,13136.69043,12442.58984,12638.32031,12638.32031,4530790000,1385.969971,1440.23999,1373.069946,1400.380005,1400.380005,80990480000
6/1/2008,217.463,2,102.8445,5.6,12637.66992,12638.08008,11287.55957,11350.00977,11350.00977,5309950000,1399.619995,1404.050049,1272,1280,1280,96614040000
7/1/2008,219.016,2.01,102.3002,5.8,11344.63965,11698.16992,10827.70996,11378.01953,11378.01953,5551580000,1276.689941,1292.170044,1200.439941,1267.380005,1267.380005,1.24981E+11
8/1/2008,218.69,2,100.7353,6.1,11379.88965,11867.11035,11221.53027,11543.95996,11543.95996,3578210000,1269.420044,1313.150024,1247.449951,1282.829956,1282.829956,86266010000
9/1/2008,218.877,1.81,96.3666,6.1,11545.62988,11790.16992,10365.4502,10850.66016,10850.66016,6302330000,1287.829956,1303.040039,1106.420044,1166.359985,1166.359985,1.40007E+11
10/1/2008,216.995,0.97,97.2832,6.5,10847.40039,10882.51953,7882.509766,9325.009766,9325.009766,8311580000,1164.170044,1167.030029,839.799988,968.75,968.75,1.59823E+11
11/1/2008,213.153,0.39,96.0605,6.8,9326.040039,9653.950195,7449.379883,8829.040039,8829.040039,6262880000,968.669983,1007.51001,741.02002,896.23999,896.23999,1.1566E+11
12/1/2008,211.398,0.16,93.2521,7.3,8826.889648,9026.410156,8118.5,8776.389648,8776.389648,5701870000,888.609985,918.849976,815.690002,903.25,903.25,1.12884E+11
1/1/2009,211.933,0.15,91.0373,7.8,8772.25,9088.05957,7909.029785,8000.859863,8000.859863,6261980000,902.98999,943.849976,804.299988,825.880005,825.880005,1.12091E+11
2/1/2009,212.705,0.22,90.4502,8.3,8000.620117,8315.070313,7033.620117,7062.930176,7062.930176,7134360000,823.090027,875.01001,734.52002,735.090027,735.090027,1.24492E+11
3/1/2009,212.495,0.18,89.016,8.7,7056.47998,7931.330078,6469.950195,7608.919922,7608.919922,10561060000,729.570007,832.97998,666.789978,797.869995,797.869995,1.61844E+11
4/1/2009,212.709,0.15,88.3056,9,7606.129883,8307.509766,7483.870117,8168.120117,8168.120117,7795900000,793.590027,888.700012,783.320007,872.809998,872.809998,1.38855E+11
5/1/2009,213.022,0.18,87.4155,9.4,8167.410156,8591.929688,8099.310059,8500.330078,8500.330078,6734390000,872.73999,930.169983,866.099976,919.140015,919.140015,1.31615E+11
6/1/2009,214.79,0.21,87.0742,9.5,8501.530273,8877.929688,8259.429688,8447,8447,5524080000,923.26001,956.22998,888.859985,919.320007,919.320007,1.12653E+11
7/1/2009,214.726,0.16,88.0323,9.5,8447.530273,9246.429688,8087.189941,9171.610352,9171.610352,4902340000,920.820007,996.679993,869.320007,987.47998,987.47998,1.06636E+11
8/1/2009,215.445,0.16,89.019,9.6,9173.650391,9630.200195,9116.519531,9496.280273,9496.280273,4042210000,990.219971,1039.469971,978.51001,1020.619995,1020.619995,1.16059E+11
9/1/2009,215.861,0.15,89.6926,9.8,9492.320313,9917.990234,9252.929688,9712.280273,9712.280273,4478480000,1019.52002,1080.150024,991.969971,1057.079956,1057.079956,1.12295E+11
10/1/2009,216.509,0.12,89.9797,10,9711.599609,10119.46973,9430.080078,9712.730469,9712.730469,5151150000,1054.910034,1101.359985,1019.950012,1036.189941,1036.189941,1.13411E+11
11/1/2009,217.234,0.12,90.3375,9.9,9712.129883,10495.61035,9678.950195,10344.83984,10344.83984,3813550000,1036.180054,1113.689941,1029.380005,1095.630005,1095.630005,84981530000
12/1/2009,217.347,0.12,90.6132,9.9,10343.82031,10580.33008,10235.62988,10428.04981,10428.04981,4174040000,1098.890015,1130.380005,1085.890015,1115.099976,1115.099976,89515330000
1/1/2010,217.488,0.11,91.6642,9.8,10430.69043,10729.88965,10043.75,10067.33008,10067.33008,4424700000,1116.560059,1150.449951,1071.589966,1073.869995,1073.869995,90947580000
2/1/2010,217.281,0.13,91.994,9.8,10068.99023,10438.54981,9835.089844,10325.25977,10325.25977,4279660000,1073.890015,1112.420044,1044.5,1104.48999,1104.48999,84561340000
3/1/2010,217.353,0.16,92.5993,9.9,10326.09961,10955.48047,10326.09961,10856.62988,10856.62988,4388530000,1105.359985,1180.689941,1105.359985,1169.430054,1169.430054,1.03684E+11
4/1/2010,217.403,0.2,92.9436,9.9,10857.30957,11258.00977,10844.08984,11008.61035,11008.61035,4237550000,1171.22998,1219.800049,1170.689941,1186.689941,1186.689941,1.16742E+11
5/1/2010,217.29,0.2,94.2997,9.6,11009.59961,11177.66992,9774.480469,10136.62988,10136.62988,5605690000,1188.579956,1205.130005,1040.780029,1089.410034,1089.410034,1.27663E+11
6/1/2010,217.199,0.18,94.4397,9.4,10133.94043,10594.16016,9753.839844,9774.019531,9774.019531,4941680000,1087.300049,1131.22998,1028.329956,1030.709961,1030.709961,1.10107E+11
7/1/2010,217.605,0.18,94.8536,9.4,9773.269531,10584.99023,9614.320313,10465.94043,10465.94043,4243320000,1031.099976,1120.949951,1010.909973,1101.599976,1101.599976,94778110000
8/1/2010,217.923,0.19,95.1448,9.5,10468.82031,10719.94043,9936.620117,10014.71973,10014.71973,4117550000,1107.530029,1129.23999,1039.699951,1049.329956,1049.329956,85738250000
9/1/2010,218.275,0.19,95.3637,9.5,10016.00977,10948.87988,10016.00977,10788.04981,10788.04981,3764970000,1049.719971,1157.160034,1049.719971,1141.199951,1141.199951,79589450000
10/1/2010,219.035,0.19,95.1109,9.4,10789.71973,11247.59961,10711.12012,11118.49023,11118.49023,3787250000,1143.48999,1196.140015,1131.869995,1183.26001,1183.26001,89536270000
11/1/2010,219.59,0.19,95.1383,9.8,11120.29981,11451.53027,10929.28027,11006.01953,11006.01953,3808130000,1185.709961,1227.079956,1173,1180.550049,1180.550049,87151070000
12/1/2010,220.472,0.18,96.0599,9.3,11007.23047,11625,11007.23047,11577.50977,11577.50977,3252900000,1186.599976,1262.599976,1186.599976,1257.640015,1257.640015,80984530000
1/1/2011,221.187,0.17,95.9364,9.1,11577.42969,12020.51953,11573.87012,11891.92969,11891.92969,3681720000,1257.619995,1302.670044,1257.619995,1286.119995,1286.119995,92164940000
2/1/2011,221.898,0.16,95.5154,9,11892.5,12391.29004,11892.5,12226.33984,12226.33984,3220480000,1289.140015,1344.069946,1289.140015,1327.219971,1327.219971,59223660000
3/1/2011,223.046,0.14,96.4643,9,12226.49023,12383.45996,11555.48047,12319.73047,12319.73047,3851830000,1328.640015,1332.280029,1249.050049,1325.829956,1325.829956,89507640000
4/1/2011,224.093,0.1,96.1187,9.1,12321.01953,12832.83008,12093.88965,12810.54004,12810.54004,3321090000,1329.47998,1364.560059,1294.699951,1363.609985,1363.609985,77364810000
5/1/2011,224.806,0.09,96.3377,9,12810.16016,12876,12309.51953,12569.79004,12569.79004,3578020000,1365.209961,1370.579956,1311.800049,1345.199951,1345.199951,81708980000
6/1/2011,224.806,0.09,96.6154,9.1,12569.41016,12569.49023,11862.53027,12414.33984,12414.33984,3876460000,1345.199951,1345.199951,1258.069946,1320.640015,1320.640015,86122730000
7/1/2011,225.395,0.07,97.1292,9,12414.33984,12753.88965,12083.4502,12143.24023,12143.24023,3092480000,1320.640015,1356.47998,1282.859985,1292.280029,1292.280029,81102170000
8/1/2011,226.106,0.1,97.6731,9,12144.21973,12282.41992,10604.07031,11613.53027,11613.53027,6203230000,1292.589966,1307.380005,1101.540039,1218.890015,1218.890015,1.08419E+11
9/1/2011,226.597,0.08,97.6494,9,11613.29981,11716.83984,10597.13965,10913.37988,10913.37988,4396520000,1219.119995,1229.290039,1114.219971,1131.420044,1131.420044,1.02787E+11
10/1/2011,226.75,0.07,98.3222,8.8,10912.09961,12284.30957,10404.49023,11955.00977,11955.00977,3907730000,1131.209961,1292.660034,1074.77002,1253.300049,1253.300049,98063670000
11/1/2011,227.169,0.08,98.2433,8.6,11951.53027,12187.50977,11231.42969,12045.67969,12045.67969,3263110000,1251,1277.550049,1158.660034,1246.959961,1246.959961,84275050000
12/1/2011,227.223,0.07,98.7876,8.5,12046.20996,12328.46973,11735.19043,12217.55957,12217.55957,3071480000,1246.910034,1269.369995,1202.369995,1257.599976,1257.599976,74742430000
1/1/2012,227.842,0.08,99.3925,8.3,12221.19043,12841.9502,12221.19043,12632.91016,12632.91016,2981080000,1258.859985,1333.469971,1258.859985,1312.410034,1312.410034,79567560000
2/1/2012,228.329,0.1,99.6203,8.3,12632.75977,13055.75,12632.75977,12952.07031,12952.07031,2712170000,1312.449951,1378.040039,1312.449951,1365.680054,1365.680054,78385710000
3/1/2012,228.807,0.13,99.1551,8.2,12952.29004,13289.08008,12734.86035,13212.04004,13212.04004,3203390000,1365.900024,1419.150024,1340.030029,1408.469971,1408.469971,83899660000
4/1/2012,229.187,0.14,99.9006,8.2,13211.36035,13297.11035,12710.55957,13213.62988,13213.62988,2574900000,1408.469971,1422.380005,1357.380005,1397.910034,1397.910034,74761710000
5/1/2012,228.713,0.16,100.0924,8.2,13214.16016,13338.66016,12311.55957,12393.4502,12393.4502,3050000000,1397.859985,1415.319946,1291.97998,1310.329956,1310.329956,86920490000
6/1/2012,228.524,0.16,100.0728,8.2,12391.55957,12898.94043,12035.08984,12880.08984,12880.08984,2923670000,1309.869995,1363.459961,1266.73999,1362.160034,1362.160034,81582440000
7/1/2012,228.59,0.16,100.3354,8.2,12879.70996,13128.63965,12492.25,13008.67969,13008.67969,2578110000,1362.329956,1391.73999,1325.410034,1379.319946,1379.319946,73103810000
8/1/2012,229.918,0.13,99.856,8.1,13007.46973,13330.75977,12778.90039,13090.83984,13090.83984,2267280000,1379.319946,1426.680054,1354.650024,1406.579956,1406.579956,70283810000
9/1/2012,231.015,0.14,99.9049,7.8,13092.15039,13653.24023,12977.08984,13437.12988,13437.12988,2701270000,1406.540039,1474.51001,1396.560059,1440.670044,1440.670044,69784280000
10/1/2012,231.638,0.16,100.1167,7.8,13437.66016,13661.87012,13017.37012,13096.45996,13096.45996,2472600000,1440.900024,1470.959961,1403.280029,1412.160034,1412.160034,71752320000
11/1/2012,231.249,0.16,100.5991,7.7,13099.19043,13290.75,12471.49023,13025.58008,13025.58008,2683930000,1412.199951,1434.27002,1343.349976,1416.180054,1416.180054,71489310000
12/1/2012,231.221,0.16,100.9542,7.9,13027.73047,13365.86035,12883.88965,13104.13965,13104.13965,2666750000,1416.339966,1448,1398.109985,1426.189941,1426.189941,66388180000
1/1/2013,231.679,0.14,100.8204,8,13104.29981,13969.99023,13104.29981,13860.58008,13860.58008,2786680000,1426.189941,1509.939941,1426.189941,1498.109985,1498.109985,75848510000
2/1/2013,232.937,0.15,101.3995,7.7,13860.58008,14149.15039,13784.00977,14054.49023,14054.49023,2487580000,1498.109985,1530.939941,1485.01001,1514.680054,1514.680054,69273480000
3/1/2013,232.282,0.14,101.8114,7.5,14054.49023,14585.09961,13937.59961,14578.54004,14578.54004,2546320000,1514.680054,1570.280029,1501.47998,1569.189941,1569.189941,68527110000
4/1/2013,231.797,0.15,101.6364,7.6,14578.54004,14887.50977,14434.42969,14839.79981,14839.79981,2920230000,1569.180054,1597.569946,1536.030029,1597.569946,1597.569946,77098000000
5/1/2013,231.893,0.11,101.7476,7.5,14839.79981,15542.40039,14687.04981,15115.57031,15115.57031,2771510000,1597.550049,1687.180054,1581.280029,1630.73999,1630.73999,76447250000
6/1/2013,232.445,0.09,101.9549,7.5,15123.54981,15340.08984,14551.26953,14909.59961,14909.59961,2929040000,1631.709961,1654.189941,1560.329956,1606.280029,1606.280029,74946790000
7/1/2013,232.9,0.09,101.5204,7.3,14911.59961,15634.32031,14858.92969,15499.54004,15499.54004,2623130000,1609.780029,1698.780029,1604.569946,1685.72998,1685.72998,68106820000
8/1/2013,233.456,0.08,102.1907,7.2,15503.84961,15658.42969,14760.41016,14810.30957,14810.30957,2327660000,1689.420044,1709.670044,1627.469971,1632.969971,1632.969971,64802810000
9/1/2013,233.544,0.08,102.717,7.2,14801.54981,15709.58008,14777.48047,15129.66992,15129.66992,2371540000,1635.949951,1729.859985,1633.410034,1681.550049,1681.550049,66174410000
10/1/2013,233.669,0.09,102.5371,7.2,15132.49023,15721,14719.42969,15545.75,15545.75,2206620000,1682.410034,1775.219971,1646.469971,1756.540039,1756.540039,76647400000
11/1/2013,234.1,0.08,102.8379,6.9,15558.00977,16174.50977,15522.17969,16086.41016,16086.41016,1820260000,1758.699951,1813.550049,1746.199951,1805.810059,1805.810059,63628190000
12/1/2013,234.719,0.09,103.1504,6.7,16087.12012,16588.25,15703.79004,16576.66016,16576.66016,2057160000,1806.550049,1849.439941,1767.98999,1848.359985,1848.359985,64958820000
1/1/2014,235.288,0.07,102.7216,6.6,16572.16992,16573.07031,15617.54981,15698.84961,15698.84961,2177040000,1845.859985,1850.839966,1770.449951,1782.589966,1782.589966,75871910000
2/1/2014,235.547,0.07,103.5917,6.7,15697.69043,16398.94922,15340.69043,16321.70996,16321.70996,2067820000,1782.680054,1867.920044,1737.920044,1859.449951,1859.449951,69725590000
3/1/2014,236.028,0.08,104.5889,6.7,16321.70996,16505.69922,16046.99023,16457.66016,16457.66016,2095940000,1857.680054,1883.969971,1834.439941,1872.339966,1872.339966,71885030000
4/1/2014,236.468,0.09,104.6371,6.2,16458.05078,16631.63086,16015.32031,16580.83984,16580.83984,1986960000,1873.959961,1897.280029,1814.359985,1883.949951,1883.949951,71595810000
5/1/2014,236.918,0.09,105.0152,6.3,16580.25977,16735.50977,16341.29981,16717.16992,16717.16992,1643160000,1884.390015,1924.030029,1859.790039,1923.569946,1923.569946,63623630000
6/1/2014,237.231,0.1,105.4081,6.1,16716.84961,16978.01953,16673.65039,16826.59961,16826.59961,1755480000,1923.869995,1968.170044,1915.97998,1960.22998,1960.22998,63283380000
7/1/2014,237.498,0.09,105.6157,6.2,16828.5293,17151.56055,16563.30078,16563.30078,16563.30078,1690880000,1962.290039,1991.390015,1930.670044,1930.670044,1930.670044,66524690000
8/1/2014,237.46,0.09,105.4986,6.1,16561.69922,17153.80078,16333.78027,17098.44922,17098.44922,1482600000,1929.800049,2005.040039,1904.780029,2003.369995,2003.369995,58131140000
9/1/2014,237.477,0.09,105.8138,5.9,17097.41992,17350.64063,16934.42969,17042.90039,17042.90039,1870550000,2004.069946,2019.26001,1964.040039,1972.290039,1972.290039,66706000000
10/1/2014,237.43,0.09,105.8357,5.7,17040.46094,17395.53906,15855.12012,17390.51953,17390.51953,2903240000,1971.439941,2018.189941,1820.660034,2018.050049,2018.050049,93714040000
11/1/2014,236.983,0.09,106.6634,5.8,17390.90039,17894.83008,17278.35938,17828.24023,17828.24023,1516490000,2018.209961,2075.76001,2001.01001,2067.560059,2067.560059,63600190000
12/1/2014,236.252,0.12,106.5085,5.6,17827.26953,18103.44922,17067.58984,17823.07031,17823.07031,2216900000,2065.780029,2093.550049,1972.560059,2058.899902,2058.899902,80743820000
1/1/2015,234.747,0.11,105.9806,5.7,17823.07031,17951.7793,17136.30078,17164.94922,17164.94922,2173260000,2058.899902,2072.360107,1988.119995,1994.98999,1994.98999,77330040000
2/1/2015,235.342,0.11,105.4425,5.5,17169.99023,18244.38086,17037.75977,18132.69922,18132.69922,1751250000,1996.670044,2119.590088,1980.900024,2104.5,2104.5,68775560000
3/1/2015,235.976,0.11,105.1464,5.4,18134.05078,18288.63086,17579.26953,17776.11914,17776.11914,2470480000,2105.22998,2117.52002,2039.689941,2067.889893,2067.889893,76675850000
4/1/2015,236.222,0.12,104.5272,5.4,17778.51953,18175.56055,17585.00977,17840.51953,17840.51953,2174880000,2067.629883,2125.919922,2048.379883,2085.51001,2085.51001,72060940000
5/1/2015,237.001,0.12,104.0742,5.6,17859.26953,18351.35938,17733.11914,18010.67969,18010.67969,1832450000,2087.379883,2134.719971,2067.929932,2107.389893,2107.389893,65187730000
6/1/2015,237.657,0.13,103.7174,5.3,18017.82031,18188.81055,17576.5,17619.50977,17619.50977,2219240000,2108.639893,2129.870117,2056.320068,2063.110107,2063.110107,73213980000
7/1/2015,238.034,0.13,104.3243,5.2,17638.11914,18137.11914,17399.16992,17689.85938,17689.85938,2034220000,2067,2132.820068,2044.02002,2103.840088,2103.840088,77920590000
8/1/2015,238.033,0.14,104.1621,5.1,17696.74023,17704.75977,15370.33008,16528.0293,16528.0293,2726340000,2104.48999,2112.659912,1867.01001,1972.180054,1972.180054,84626790000
9/1/2015,237.498,0.14,103.7768,5,16528.0293,16933.42969,15942.37012,16284.7002,16284.7002,2724080000,1970.089966,2020.859985,1871.910034,1920.030029,1920.030029,79989370000
10/1/2015,237.733,0.12,103.3976,5,16278.62012,17799.96094,16013.66016,17663.53906,17663.53906,2605470000,1919.650024,2094.320068,1893.699951,2079.360107,2079.360107,85844900000
11/1/2015,238.017,0.12,102.6866,5.1,17672.61914,17977.84961,17210.42969,17719.91992,17719.91992,2334610000,2080.76001,2116.47998,2019.390015,2080.409912,2080.409912,75943590000
12/1/2015,237.761,0.24,102.1014,5,17719.7207,17901.58008,17116.73047,17425.0293,17425.0293,2521440000,2082.929932,2104.27002,1993.26001,2043.939941,2043.939941,83649260000
1/1/2016,237.827,0.34,102.9525,4.9,17405.48047,17405.48047,15450.55957,16466.30078,16466.30078,2844080000,2038.199951,2038.199951,1812.290039,1940.23999,1940.23999,92409770000
2/1/2016,237.514,0.38,102.2225,4.9,16453.63086,16795.98047,15503.00977,16516.5,16516.5,2491810000,1936.939941,1962.959961,1810.099976,1932.22998,1932.22998,93049560000
3/1/2016,237.99,0.36,101.4155,5,16545.66992,17790.10938,16545.66992,17685.08984,17685.08984,2407750000,1937.089966,2072.209961,1937.089966,2059.73999,2059.73999,92639420000
4/1/2016,238.835,0.37,101.5167,5,17661.74023,18167.63086,17484.23047,17773.64063,17773.64063,2096650000,2056.620117,2111.050049,2033.800049,2065.300049,2065.300049,81124990000
5/1/2016,239.44,0.37,101.4298,4.8,17783.7793,17934.60938,17331.07031,17787.19922,17787.19922,1879010000,2067.169922,2103.47998,2025.910034,2096.949951,2096.949951,78883600000
6/1/2016,240.144,0.38,101.8747,4.9,17754.55078,18016,17063.08008,17929.99023,17929.99023,2350020000,2093.939941,2120.550049,1991.680054,2098.860107,2098.860107,86852700000
7/1/2016,240.111,0.39,102.1325,4.8,17924.24023,18622.00977,17713.44922,18432.24023,18432.24023,1816520000,2099.340088,2177.090088,2074.02002,2173.600098,2173.600098,69530250000
8/1/2016,240.595,0.4,102.0407,4.9,18434.5,18722.60938,18247.78906,18400.88086,18400.88086,1695750000,2173.149902,2193.810059,2147.580078,2170.949951,2170.949951,75610310000
9/1/2016,241.068,0.4,102.0477,5,18396.57031,18551.53906,17992.21094,18308.15039,18308.15039,2101120000,2171.330078,2187.870117,2119.120117,2168.27002,2168.27002,77270240000
10/1/2016,241.641,0.4,102.2485,4.9,18279.59961,18399.96094,17959.94922,18142.41992,18142.41992,1793690000,2164.330078,2169.600098,2114.719971,2126.149902,2126.149902,73196630000
11/1/2016,241.993,0.41,102.0507,4.7,18158.24023,19225.28906,17883.56055,19123.58008,19123.58008,2107770000,2128.679932,2214.100098,2083.790039,2198.810059,2198.810059,88299760000
12/1/2016,242.712,0.54,102.9281,4.7,19149.19922,19987.63086,19138.78906,19762.59961,19762.59961,5952470000,2200.169922,2277.530029,2187.439941,2238.830078,2238.830078,75251240000
1/1/2017,243.717,0.65,103.0366,4.7,19872.85938,20125.58008,19677.93945,19864.08984,19864.08984,6482900000,2251.570068,2300.98999,2245.129883,2278.870117,2278.870117,70483180000
2/1/2017,244.028,0.66,102.6479,4.6,19923.81055,20851.33008,19831.08984,20812.24023,20812.24023,6185580000,2285.590088,2371.540039,2271.649902,2363.639893,2363.639893,69162420000
3/1/2017,243.721,0.79,103.343,4.4,20957.28906,21169.10938,20412.80078,20663.2207,20663.2207,6941970000,2380.129883,2400.97998,2322.25,2362.719971,2362.719971,81547770000
4/1/2017,244.058,0.9,104.2721,4.4,20665.16992,21070.90039,20379.55078,20940.50977,20940.50977,5392630000,2362.340088,2398.159912,2328.949951,2384.199951,2384.199951,65265670000
5/1/2017,243.926,0.91,104.4129,4.4,20962.73047,21112.32031,20553.44922,21008.65039,21008.65039,6613570000,2388.5,2418.709961,2352.719971,2411.800049,2411.800049,79607170000
6/1/2017,244.179,1.04,104.5849,4.3,21030.55078,21535.0293,20994.2207,21349.63086,21349.63086,7214590000,2415.649902,2453.820068,2405.699951,2423.409912,2423.409912,81002490000
7/1/2017,244.328,1.15,104.5427,4.3,21392.30078,21929.80078,21279.30078,21891.11914,21891.11914,5569720000,2431.389893,2484.040039,2407.699951,2470.300049,2470.300049,63169400000
8/1/2017,245.304,1.16,104.0475,4.4,21961.41992,22179.10938,21600.33984,21948.09961,21948.09961,6150060000,2477.100098,2490.870117,2417.350098,2471.649902,2471.649902,70616030000
9/1/2017,246.445,1.15,104.0502,4.2,21981.76953,22419.50977,21709.63086,22405.08984,22405.08984,6342130000,2474.419922,2519.439941,2446.550049,2519.360107,2519.360107,66337980000
10/1/2017,246.57,1.15,105.6287,4.1,22423.4707,23485.25,22416,23377.24023,23377.24023,7302910000,2521.199951,2582.97998,2520.399902,2575.26001,2575.26001,70871570000
11/1/2017,247.333,1.16,106.193,4.2,23442.90039,24327.82031,23242.75,24272.34961,24272.34961,7335640000,2583.209961,2657.73999,2557.449951,2584.840088,2584.840088,95142800000
12/1/2017,247.847,1.3,106.536,4.1,24305.40039,24876.07031,23921.90039,24719.2207,24719.2207,6589890000,2645.100098,2694.969971,2605.52002,2673.610107,2673.610107,65251190000
1/1/2018,248.816,1.41,106.2655,4.1,24809.34961,26616.71094,24741.69922,26149.39063,26149.39063,9116920000,2683.72998,2872.870117,2682.360107,2823.810059,2823.810059,76860120000
2/1/2018,249.475,1.42,106.6419,4.1,26083.03906,26306.69922,23360.28906,25029.19922,25029.19922,9450250000,2816.449951,2835.959961,2532.689941,2713.830078,2713.830078,79579410000
3/1/2018,249.413,1.51,107.2519,4,25024.03906,25449.15039,23509.06055,24103.10938,24103.10938,8873040000,2715.219971,2801.899902,2585.889893,2640.870117,2640.870117,76369800000
4/1/2018,249.957,1.69,108.2223,4,24076.59961,24858.9707,23344.51953,24163.15039,24163.15039,8064550000,2633.449951,2717.48999,2553.800049,2648.050049,2648.050049,69648590000
5/1/2018,250.64,1.7,107.3639,3.8,24117.28906,25086.49023,23531.31055,24415.83984,24415.83984,7278020000,2642.959961,2742.23999,2594.620117,2705.27002,2705.27002,75617280000
6/1/2018,251.176,1.82,108.1707,4,24542.08984,25402.83008,23997.21094,24271.41016,24271.41016,7411110000,2718.699951,2791.469971,2691.98999,2718.370117,2718.370117,77439710000
7/1/2018,251.482,1.91,108.652,3.8,24161.5293,25587.24023,24077.56055,25415.18945,25415.18945,5408500000,2704.949951,2848.030029,2698.949951,2816.290039,2816.290039,64542170000
8/1/2018,251.905,1.91,109.5246,3.8,25461.63086,26167.93945,24965.76953,25964.82031,25964.82031,5635410000,2821.169922,2916.5,2796.340088,2901.52002,2901.52002,69238220000
9/1/2018,252.261,1.95,109.6749,3.7,25916.07031,26769.16016,25754.32031,26458.31055,26458.31055,5262500000,2896.959961,2940.909912,2864.120117,2913.97998,2913.97998,62492080000
10/1/2018,252.777,2.19,109.9165,3.8,26598.35938,26951.81055,24122.23047,25115.75977,25115.75977,8373350000,2926.290039,2939.860107,2603.540039,2711.73999,2711.73999,91327930000
11/1/2018,252.662,2.2,110.5067,3.7,25142.08008,26277.82031,24268.74023,25538.46094,25538.46094,7226940000,2717.580078,2815.149902,2631.090088,2760.169922,2760.169922,80080110000
12/1/2018,252.653,2.27,110.5516,3.9,25779.57031,25980.21094,21712.5293,23327.46094,23327.46094,8101540000,2790.5,2800.179932,2346.580078,2506.850098,2506.850098,83522570000
1/1/2019,252.55,2.4,110.1185,4,23058.60938,25109.61914,22638.41016,24999.66992,24999.66992,7189200000,2476.959961,2708.949951,2443.959961,2704.100098,2704.100098,80401630000
2/1/2019,253.181,2.4,109.5631,3.8,25025.31055,26241.41992,24883.03906,25916,25916,5434540000,2702.320068,2813.48999,2681.830078,2784.48999,2784.48999,70183430000
3/1/2019,254.095,2.41,109.6811,3.8,26019.66992,26155.98047,25208,25928.67969,25928.67969,6734060000,2798.219971,2860.310059,2722.27002,2834.399902,2834.399902,78596280000
4/1/2019,254.943,2.42,108.9888,3.6,26075.09961,26695.96094,26062.58984,26592.91016,26592.91016,5854600000,2848.629883,2949.52002,2848.629883,2945.830078,2945.830078,69604840000
5/1/2019,255.167,2.39,109.2264,3.6,26639.06055,26689.39063,24809.50977,24815.03906,24815.03906,6358230000,2952.330078,2954.129883,2750.52002,2752.060059,2752.060059,76860120000
6/1/2019,255.402,2.38,109.2774,3.7,24830.16016,26907.36914,24680.57031,26599.96094,26599.96094,5544390000,2751.530029,2964.149902,2728.810059,2941.76001,2941.76001,70881390000
7/1/2019,256.087,2.4,109.0852,3.7,26805.85938,27398.67969,26616.21094,26864.26953,26864.26953,5207470000,2971.409912,3027.97998,2952.219971,2980.379883,2980.379883,70349470000
8/1/2019,256.294,2.13,109.8543,3.7,26879.85938,27175.58984,25339.59961,26403.2793,26403.2793,8170730000,2980.320068,3013.590088,2822.120117,2926.459961,2926.459961,79599440000
9/1/2019,256.593,2.04,109.4725,3.5,26198.25977,27306.73047,25978.2207,26916.83008,26916.83008,5045520000,2909.01001,3021.98999,2891.850098,2976.73999,2976.73999,73992330000
10/1/2019,257.229,1.83,109.0103,3.6,26962.53906,27204.35938,25743.46094,27046.23047,27046.23047,5658040000,2983.689941,3050.100098,2855.939941,3037.560059,3037.560059,77564550000
11/1/2019,257.824,1.55,110.026,3.5,27142.94922,28174.9707,27142.94922,28051.41016,28051.41016,4925180000,3050.719971,3154.26001,3050.719971,3140.97998,3140.97998,72179920000
12/1/2019,258.444,1.55,109.5587,3.5,28109.74023,28701.66016,27325.13086,28538.43945,28538.43945,5086880000,3143.850098,3247.929932,3070.330078,3230.780029,3230.780029,72054000000
1/1/2020,258.82,1.55,108.9993,3.6,28638.9707,29373.61914,28169.5293,28256.0293,28256.0293,6170770000,3244.669922,3337.77002,3214.639893,3225.52002,3225.52002,77104420000
2/1/2020,259.05,1.58,109.6035,3.5,,,,,,,,,,,,
